counter,SenderResponse1a,SenderResponse2a,SenderResponse3a,SenderResponse4a,SenderResponse5a,SenderResponse6a,SenderResponse7a,SenderResponse8a,SenderResponse9a,SenderResponse10a,SenderResponse11a
1,1000.0,1.0,2.0,2.0,2.0,1.0,1.0,1.0,1000.0,1.0,2.0
2,1.0,2.0,1000.0,1.0,1.0,1.0,1.0,1000.0,1.0,2.0,2.0
3,2.0,1000.0,2.0,1.0,1.0,2.0,1000.0,1.0,1.0,2.0,1.0
4,1000.0,2.0,1.0,2.0,2.0,1000.0,1.0,1.0,2.0,1.0,1.0
5,2.0,2.0,2.0,2.0,1000.0,2.0,1000.0,1.0,1.0,1.0,1.0
6,2.0,2.0,1.0,1000.0,1.0,1000.0,1.0,1.0,1.0,1.0,2.0
7,2.0,2.0,1000.0,1.0,1000.0,1.0,1.0,1.0,1.0,1.0,2.0
8,2.0,1000.0,1.0,2.0,1.0,2.0,1.0,1.0,1000.0,1000.0,2.0
9,1.0,2.0,2.0,1.0,1.0,2.0,1.0,1.0,1.0,2.0,1.0
10,2.0,1.0,2.0,2.0,1.0,2.0,1.0,1000.0,1.0,1.0,1.0
11,2.0,2.0,2.0,2.0,1.0,1000.0,1.0,2.0,2.0,1.0,2.0
12,2.0,2.0,2.0,2.0,1000.0,1.0,2.0,1.0,1.0,1.0,1.0
13,1000.0,1.0,1.0,1.0,1.0,1.0,1.0,1.0,1.0,1.0,2.0
14,1.0,2.0,2.0,1000.0,2.0,1.0,1.0,1.0,2.0,2.0,1.0
15,1.0,1.0,1.0,2.0,2.0,2.0,1.0,1.0,1.0,1.0,1.0
16,1000.0,1.0,2.0,1.0,1.0,1.0,2.0,1.0,1000.0,1.0,1.0
17,1.0,1.0,2.0,2.0,1.0,2.0,1.0,1.0,1.0,2.0,1.0
18,1.0,2.0,1.0,1.0,1.0,1.0,1.0,1.0,1.0,1.0,2.0
19,2.0,1.0,2.0,1.0,2.0,1000.0,1.0,1.0,1.0,2.0,2.0
20,1.0,1.0,2.0,1.0,1000.0,2.0,1.0,2.0,1.0,2.0,2.0
21,2.0,1.0,2.0,2.0,1.0,2.0,2.0,2.0,1.0,1.0,2.0
22,2.0,2.0,1000.0,2.0,2.0,2.0,1.0,2.0,1.0,2.0,2.0
23,2.0,1.0,2.0,2.0,1.0,1.0,2.0,1.0,1.0,1.0,1000.0
24,1000.0,2.0,2.0,1.0,1.0,2.0,1.0,1.0,1.0,1000.0,2.0
25,2.0,2.0,2.0,1.0,1.0,2.0,1.0,2.0,1000.0,1.0,2.0
26,1.0,2.0,2.0,1.0,1.0,2.0,1.0,2.0,1.0,1.0,1.0
27,1.0,1.0,1.0,1.0,1.0,1.0,1.0,1.0,1.0,2.0,1.0
28,1.0,1.0,1.0,1.0,1.0,1000.0,2.0,1.0,2.0,1.0,1.0
29,2.0,2.0,1.0,2.0,1.0,2.0,1.0,1.0,1.0,2.0,1.0
30,2.0,1.0,1.0,1000.0,2.0,1.0,1.0,1.0,2.0,1.0,1000.0
31,2.0,1.0,1000.0,2.0,2.0,2.0,1.0,2.0,2.0,2.0,2.0
32,1.0,1000.0,1.0,2.0,1.0,2.0,1.0,2.0,1.0,1000.0,1000.0
33,1.0,1.0,2.0,2.0,1000.0,1.0,2.0,1.0,1000.0,1000.0,2.0
34,2.0,1.0,1.0,2.0,1.0,2.0,1.0,1.0,1000.0,1000.0,2.0
35,2.0,2.0,1000.0,2.0,2.0,1.0,1000.0,1000.0,2.0,1.0,2.0
36,2.0,1000.0,1.0,1000.0,1.0,1000.0,1000.0,1.0,2.0,1.0,1000.0
37,1000.0,1.0,1.0,1.0,1000.0,1000.0,1.0,2.0,1.0,1000.0,1.0
38,1.0,1.0,2.0,1000.0,1000.0,1000.0,1.0,1.0,1000.0,1.0,1000.0
39,1.0,1.0,1000.0,1000.0,2.0,1.0,1.0,1000.0,2.0,1.0,2.0
40,2.0,2.0,1000.0,1.0,1.0,2.0,1000.0,1.0,2.0,1.0,2.0
41,1000.0,1000.0,2.0,2.0,2.0,1000.0,1.0,1.0,1.0,1.0,2.0
42,1000.0,2.0,1.0,1.0,1000.0,1.0,1000.0,1.0,2.0,1.0,2.0
43,2.0,2.0,2.0,1000.0,1.0,1000.0,1.0,1000.0,2.0,1.0,1000.0
44,2.0,1.0,1000.0,1.0,1.0,2.0,1.0,1.0,2.0,1000.0,2.0
45,2.0,1000.0,1.0,1000.0,1.0,1.0,1.0,1.0,1000.0,2.0,1.0
46,1000.0,1.0,1000.0,1.0,1.0,2.0,1.0,1000.0,1.0,1000.0,2.0
47,1.0,1.0,2.0,1000.0,1.0,2.0,1000.0,1.0,1.0,1.0,1.0
48,1000.0,1.0,2.0,2.0,1.0,1000.0,1.0,1.0,1.0,1.0,1000.0
49,1.0,2.0,2.0,1.0,1000.0,2.0,1.0,1.0,2.0,1000.0,2.0
50,1.0,1.0,2.0,1000.0,2.0,1000.0,1.0,1.0,1000.0,1.0,1.0
51,2.0,1.0,1000.0,2.0,1000.0,2.0,2.0,1.0,1000.0,1.0,1.0
52,2.0,1000.0,2.0,1.0,1.0,1.0,1000.0,1.0,1.0,1.0,2.0
53,1000.0,1.0,2.0,2.0,2.0,2.0,1.0,1.0,1.0,2.0,1.0
54,1.0,2.0,2.0,1.0,1.0,2.0,2.0,1.0,2.0,1.0,1.0
55,1000.0,1.0,1.0,1.0,1.0,2.0,1.0,2.0,2.0,2.0,2.0
56,1.0,2.0,1000.0,1000.0,2.0,2.0,2.0,2.0,1.0,1.0,2.0
57,2.0,1000.0,1000.0,1.0,2.0,2.0,1.0,1.0,1.0,2.0,1.0
58,2.0,1000.0,1.0,2.0,1000.0,2.0,2.0,2.0,1.0,1.0,1000.0
59,2.0,2.0,2.0,2.0,1.0,2.0,1.0,1.0,1.0,1000.0,1000.0
60,2.0,1.0,2.0,1.0,1.0,2.0,2.0,1.0,1000.0,1000.0,1000.0
61,2.0,1.0,1.0,2.0,1.0,2.0,1.0,1000.0,2.0,1000.0,2.0
62,1000.0,1.0,2.0,1.0,1.0,2.0,1000.0,2.0,1000.0,1.0,1.0
63,2.0,1.0,2.0,2.0,1.0,1000.0,1000.0,1.0,1000.0,2.0,2.0
64,2.0,2.0,2.0,2.0,1000.0,1000.0,1.0,2.0,1.0,2.0,2.0
65,2.0,2.0,2.0,1000.0,2.0,2.0,1.0,1.0,2.0,1.0,1000.0
66,2.0,1.0,1000.0,1.0,1.0,2.0,1.0,2.0,1.0,1000.0,2.0
67,2.0,1000.0,2.0,2.0,1000.0,2.0,1.0,1.0,1000.0,2.0,2.0
68,1000.0,1.0,1.0,2.0,1.0,1.0,1.0,1.0,1.0,2.0,1000.0
69,2.0,1.0,2.0,2.0,1.0,2.0,1.0,1.0,2.0,1000.0,2.0
70,1.0,1.0,2.0,2.0,1.0,1.0,1.0,1.0,1.0,1.0,1.0
71,1000.0,1.0,2.0,1.0,1.0,1.0,1.0,2.0,2.0,2.0,1.0
72,2.0,1.0,2.0,1000.0,2.0,1000.0,1.0,1.0,2.0,2.0,2.0
73,1.0,2.0,2.0,2.0,1.0,1.0,2.0,1.0,1.0,1.0,1000.0
74,1.0,1000.0,1.0,2.0,1000.0,1.0,1.0,1000.0,2.0,1000.0,2.0
75,2.0,2.0,1000.0,1000.0,1.0,1.0,1000.0,1.0,1.0,1.0,2.0
76,1.0,2.0,1.0,2.0,2.0,2.0,2.0,1.0,1.0,1000.0,1000.0
77,1.0,1.0,1.0,1.0,1.0,1.0,1000.0,2.0,1.0,1000.0,1000.0
78,1000.0,2.0,2.0,1000.0,2.0,1000.0,2.0,2.0,1000.0,1000.0,1.0
79,2.0,2.0,1000.0,1.0,2.0,2.0,1.0,1000.0,1000.0,1.0,2.0
80,1.0,1.0,1.0,2.0,2.0,2.0,1000.0,2.0,2.0,1.0,1000.0
81,1.0,1.0,1000.0,1.0,1.0,1000.0,1000.0,2.0,2.0,1.0,1.0
82,1.0,1000.0,1.0,1.0,1000.0,2.0,2.0,1.0,2.0,1.0,2.0
83,1000.0,1.0,2.0,1000.0,1.0,2.0,2.0,1000.0,2.0,1.0,2.0
84,1.0,2.0,1000.0,2.0,1.0,2.0,1.0,1.0,2.0,1.0,1.0
85,2.0,1000.0,2.0,2.0,1.0,1000.0,1.0,2.0,2.0,1.0,1.0
86,1000.0,1.0,1.0,2.0,1000.0,1000.0,2.0,1.0,2.0,1000.0,1.0
87,1000.0,2.0,2.0,1000.0,1000.0,1.0,1.0,1.0,1.0,1.0,1.0
88,2.0,2.0,1000.0,2.0,1.0,1.0,1.0,2.0,2.0,2.0,1.0
89,2.0,1.0,1000.0,1.0,1.0,1.0,2.0,2.0,1.0,2.0,2.0
90,2.0,1.0,1.0,1.0,2.0,2.0,2.0,1.0,1.0,1.0,1.0
91,2.0,2.0,2.0,2.0,1.0,1.0,1.0,1.0,1000.0,1.0,2.0
92,1.0,2.0,1000.0,2.0,2.0,1.0,1.0,2.0,2.0,2.0,1.0
93,1.0,1.0,1.0,2.0,1.0,1.0,1000.0,1.0,1.0,2.0,1.0
94,1.0,1.0,2.0,1.0,2.0,2.0,1.0,1.0,1.0,1.0,1.0
95,2.0,1.0,2.0,2.0,2.0,1.0,1.0,2.0,2.0,2.0,2.0
96,1.0,1.0,2.0,2.0,1.0,2.0,1.0,1.0,1.0,1.0,1000.0
97,1.0,2.0,1000.0,1.0,2.0,2.0,1.0,1.0,2.0,1000.0,1.0
98,2.0,1000.0,1000.0,2.0,1.0,1000.0,1.0,1.0,1000.0,1.0,2.0
99,1.0,1000.0,2.0,2.0,1.0,2.0,1.0,1000.0,2.0,2.0,1.0
100,2.0,2.0,1.0,1000.0,1.0,2.0,1000.0,1.0,1.0,1.0,1.0
101,2.0,1.0,1000.0,2.0,1.0,1000.0,1.0,2.0,2.0,1.0,2.0
102,1.0,1000.0,1.0,1.0,1000.0,2.0,1.0,1.0,1.0,2.0,1.0
103,2.0,2.0,1.0,1000.0,2.0,2.0,2.0,1.0,2.0,1.0,2.0
104,1.0,2.0,1000.0,1.0,1.0,2.0,1.0,2.0,1000.0,2.0,2.0
105,2.0,1000.0,2.0,2.0,2.0,2.0,1.0,1.0,1.0,1.0,2.0
106,1000.0,2.0,2.0,2.0,1.0,2.0,2.0,1.0,1.0,1.0,2.0
107,2.0,1.0,2.0,2.0,1.0,1000.0,1.0,1.0,1.0,2.0,1000.0
108,2.0,1.0,1.0,2.0,1.0,2.0,1.0,1.0,1.0,1.0,1.0
109,2.0,1.0,2.0,1.0,1.0,2.0,1.0,1.0,2.0,2.0,1.0
110,2.0,1.0,1000.0,1.0,1000.0,1.0,1.0,1000.0,1.0,2.0,2.0
111,2.0,1.0,1.0,1.0,1.0,2.0,1.0,1.0,1000.0,2.0,2.0
112,2.0,2.0,1.0,2.0,2.0,2.0,1.0,2.0,1.0,2.0,1000.0
113,1.0,2.0,2.0,2.0,1.0,1.0,1.0,1.0,2.0,2.0,1000.0
114,2.0,1.0,2.0,2.0,2.0,2.0,2.0,1.0,2.0,1.0,2.0
115,2.0,1.0,2.0,1.0,1000.0,1.0,1.0,1.0,2.0,2.0,2.0
116,2.0,1.0,1.0,2.0,2.0,2.0,1.0,1.0,1000.0,2.0,2.0
117,1000.0,2.0,2.0,2.0,2.0,2.0,1000.0,2.0,1.0,1.0,2.0
118,1.0,1.0,2.0,1.0,1.0,2.0,1.0,1.0,2.0,1.0,2.0
119,1000.0,2.0,2.0,2.0,2.0,2.0,1.0,2.0,1.0,1.0,1.0
120,2.0,2.0,2.0,1000.0,1.0,1.0,1.0,1.0,1.0,2.0,2.0
121,2.0,2.0,2.0,1.0,1.0,1.0,2.0,2.0,1.0,1000.0,1.0
122,2.0,1000.0,1000.0,1.0,1.0,2.0,1.0,2.0,1000.0,2.0,2.0
123,2.0,1000.0,2.0,2.0,1.0,2.0,1.0,1000.0,2.0,1.0,1.0
124,2.0,1.0,2.0,2.0,1.0,2.0,1000.0,1.0,1.0,1.0,1000.0
125,2.0,1.0,2.0,2.0,2.0,1000.0,1.0,1.0,1000.0,1000.0,1.0
126,2.0,2.0,2.0,2.0,1000.0,2.0,1.0,1000.0,1000.0,1.0,2.0
127,1.0,1.0,2.0,1000.0,2.0,2.0,1000.0,1000.0,1.0,1000.0,2.0
128,1.0,1.0,2.0,2.0,1.0,1000.0,1000.0,1.0,1.0,2.0,1.0
129,2.0,1000.0,2.0,1.0,1000.0,1000.0,1.0,1000.0,1.0,1.0,2.0
130,2.0,1.0,2.0,1000.0,1000.0,2.0,1.0,1.0,1.0,1.0,2.0
131,1.0,1.0,1000.0,1000.0,1.0,1000.0,1.0,1.0,2.0,2.0,1.0
132,2.0,1000.0,1000.0,2.0,1000.0,1.0,1.0,2.0,1.0,1.0,1000.0
133,2.0,1000.0,2.0,1000.0,1.0,1.0,1.0,1000.0,2.0,2.0,2.0
134,1000.0,1.0,1000.0,1.0,1.0,1.0,2.0,1.0,1.0,2.0,2.0
135,2.0,1000.0,1.0,2.0,1.0,2.0,1.0,1.0,2.0,1.0,1.0
136,1.0,1.0,2.0,2.0,1000.0,2.0,1.0,1.0,2.0,1.0,1.0
137,2.0,1.0,2.0,2.0,1.0,2.0,2.0,1.0,2.0,1.0,1000.0
138,2.0,2.0,1.0,2.0,2.0,1.0,1.0,1.0,2.0,1000.0,2.0
139,1.0,2.0,1.0,2.0,2.0,1.0,1.0,2.0,2.0,1000.0,1000.0
140,1.0,1.0,2.0,1.0,1.0,1.0,2.0,2.0,1000.0,1000.0,1000.0
141,1.0,1000.0,1.0,1.0,2.0,1.0,1.0,1.0,1.0,1000.0,2.0
142,1.0,1.0,1.0,2.0,2.0,2.0,1.0,1.0,1000.0,1.0,2.0
143,2.0,1.0,2.0,2.0,1.0,2.0,1.0,1000.0,1.0,2.0,1.0
144,2.0,2.0,2.0,2.0,1000.0,2.0,1.0,1.0,1.0,2.0,1000.0
145,2.0,1.0,2.0,1000.0,1.0,1000.0,1000.0,2.0,2.0,2.0,1000.0
146,2.0,1.0,1.0,1000.0,1.0,1000.0,2.0,2.0,1.0,1000.0,1.0
147,1.0,1000.0,1.0,2.0,2.0,2.0,2.0,2.0,1000.0,1.0,1.0
148,1.0,2.0,2.0,2.0,1.0,1.0,1.0,1000.0,2.0,1.0,2.0
149,1000.0,1000.0,1000.0,2.0,2.0,1.0,1000.0,2.0,1000.0,1000.0,1000.0
150,2.0,1.0,2.0,2.0,1.0,1000.0,1.0,2.0,1.0,1000.0,1.0
151,1000.0,1.0,2.0,2.0,1000.0,1.0,1.0,1.0,1.0,2.0,1000.0
152,1.0,2.0,1000.0,2.0,1.0,1000.0,1.0,2.0,1.0,1000.0,2.0
153,2.0,2.0,2.0,2.0,1.0,2.0,1.0,1.0,1000.0,1.0,2.0
154,1000.0,2.0,2.0,1000.0,1.0,2.0,1.0,1000.0,2.0,1.0,1.0
155,1000.0,1.0,1000.0,1000.0,2.0,1.0,1000.0,1000.0,1.0,1.0,2.0
156,2.0,1.0,2.0,2.0,1.0,1000.0,1.0,1.0,2.0,2.0,2.0
157,1000.0,1.0,2.0,2.0,1000.0,2.0,1.0,1.0,1.0,1.0,1.0
158,1.0,1000.0,1.0,1000.0,1.0,2.0,1.0,1.0,1.0,1.0,1.0
159,2.0,2.0,1000.0,1.0,2.0,2.0,1.0,1.0,1.0,1.0,1.0
160,1.0,1000.0,1000.0,2.0,2.0,1.0,2.0,1.0,2.0,1.0,1000.0
161,1000.0,1.0,1.0,1.0,2.0,2.0,2.0,2.0,2.0,1000.0,1000.0
162,2.0,2.0,2.0,1.0,1.0,2.0,2.0,1.0,2.0,1000.0,1.0
163,2.0,2.0,2.0,2.0,1.0,1.0,1.0,2.0,1000.0,1000.0,2.0
164,1.0,2.0,1.0,2.0,1.0,2.0,1.0,1000.0,1.0,1000.0,1000.0
165,2.0,2.0,2.0,2.0,1.0,2.0,1000.0,1000.0,1.0,1000.0,1000.0
166,1.0,1.0,1000.0,1.0,1.0,1000.0,1.0,2.0,1000.0,2.0,1.0
167,2.0,2.0,1.0,1.0,1000.0,2.0,1000.0,1000.0,1.0,1000.0,2.0
168,2.0,1.0,1.0,1000.0,1.0,1000.0,1000.0,1.0,2.0,2.0,1.0
169,1000.0,1.0,1000.0,1.0,1.0,1000.0,1.0,1000.0,2.0,2.0,2.0
170,1.0,1000.0,2.0,1000.0,1000.0,2.0,1.0,2.0,2.0,1.0,1000.0
171,1000.0,2.0,2.0,1000.0,1.0,1000.0,2.0,1.0,2.0,1000.0,2.0
172,1000.0,1.0,1000.0,2.0,1.0,2.0,2.0,2.0,2.0,2.0,2.0
173,1.0,1000.0,1.0,1000.0,2.0,2.0,2.0,1.0,1.0,1.0,2.0
174,1000.0,1.0,1.0,1.0,2.0,1.0,1.0,1.0,2.0,1.0,1000.0
175,1.0,1000.0,2.0,1.0,1.0,2.0,1.0,1.0,2.0,1000.0,2.0
176,2.0,2.0,2.0,2.0,1000.0,2.0,1.0,1.0,1.0,2.0,2.0
177,2.0,1.0,1000.0,2.0,1.0,2.0,2.0,2.0,2.0,1000.0,2.0
178,2.0,1.0,1.0,1.0,1.0,2.0,1000.0,2.0,2.0,2.0,1.0
179,1.0,1.0,2.0,1.0,2.0,1000.0,1.0,1.0,2.0,1.0,1.0
180,2.0,1.0,2.0,2.0,1000.0,1.0,1.0,1.0,1000.0,1.0,1.0
181,2.0,1.0,2.0,1.0,2.0,2.0,1.0,1000.0,2.0,2.0,2.0
182,1.0,2.0,1000.0,2.0,1.0,2.0,1.0,2.0,1.0,2.0,1.0
183,2.0,2.0,2.0,1.0,2.0,1000.0,2.0,2.0,1.0,1.0,1.0
184,2.0,1.0,1.0,2.0,1000.0,1000.0,2.0,1.0,2.0,1.0,1000.0
185,1.0,1.0,2.0,1000.0,2.0,2.0,1.0,2.0,2.0,1.0,1000.0
186,2.0,2.0,1000.0,2.0,2.0,2.0,1.0,1.0,1.0,1000.0,1.0
187,2.0,1.0,2.0,2.0,2.0,2.0,1.0,1.0,2.0,1.0,2.0
188,1.0,1.0,2.0,2.0,1.0,2.0,1000.0,2.0,1.0,2.0,2.0
189,1.0,1.0,1.0,1.0,2.0,2.0,1.0,1.0,2.0,2.0,1.0
190,1000.0,1000.0,1.0,1.0,1.0,1.0,2.0,1.0,2.0,1.0,1.0
191,1000.0,1.0,2.0,1000.0,1000.0,1.0,1.0,1.0,1.0,1.0,1000.0
192,2.0,2.0,2.0,1000.0,2.0,2.0,1.0,1.0,1.0,2.0,1.0
193,1.0,1000.0,1.0,1.0,1.0,2.0,1.0,2.0,1.0,1.0,1000.0
194,1.0,1000.0,1.0,2.0,2.0,2.0,1.0,1.0,1.0,1000.0,2.0
195,1.0,2.0,1.0,1.0,2.0,2.0,1.0,1000.0,1000.0,1.0,2.0
196,1.0,2.0,1.0,2.0,2.0,1.0,1000.0,1000.0,1.0,1.0,2.0
197,2.0,2.0,1.0,1.0,1.0,1000.0,1000.0,2.0,1.0,1.0,1.0
198,2.0,1000.0,2.0,2.0,1.0,1000.0,1.0,1.0,2.0,1.0,1000.0
199,1.0,2.0,2.0,1.0,1000.0,1.0,1.0,1000.0,1.0,1.0,1.0
200,2.0,1000.0,2.0,1000.0,2.0,2.0,1.0,1.0,1.0,2.0,1000.0
201,1000.0,1000.0,1000.0,2.0,1.0,2.0,1.0,1.0,1.0,1000.0,1000.0
202,1000.0,1000.0,1.0,1.0,1.0,2.0,2.0,1.0,1000.0,1000.0,2.0
203,1.0,1.0,2.0,1.0,2.0,2.0,1.0,1000.0,1000.0,2.0,1.0
204,2.0,2.0,2.0,2.0,1.0,2.0,1000.0,1000.0,1.0,1.0,1.0
205,2.0,1.0,1.0,2.0,1.0,1000.0,1000.0,2.0,2.0,1.0,2.0
206,2.0,1.0,2.0,2.0,1000.0,1000.0,2.0,2.0,2.0,1.0,1.0
207,1.0,1.0,1.0,1.0,1000.0,1.0,1.0,2.0,1000.0,2.0,1.0
208,1.0,2.0,2.0,1000.0,1.0,1.0,1.0,1.0,1000.0,2.0,1000.0
209,2.0,1.0,1000.0,2.0,1.0,2.0,1.0,1.0,1.0,2.0,1.0
210,1000.0,1000.0,2.0,2.0,1.0,1000.0,1.0,1.0,2.0,1.0,2.0
211,1000.0,1000.0,1.0,2.0,1.0,2.0,1.0,1.0,2.0,1.0,2.0
212,2.0,1.0,2.0,2.0,1.0,2.0,1000.0,2.0,1.0,1.0,2.0
213,2.0,1.0,1000.0,1.0,2.0,2.0,2.0,1.0,1.0,2.0,1000.0
214,2.0,1.0,1000.0,2.0,2.0,1.0,2.0,1.0,2.0,1000.0,1.0
215,1000.0,1000.0,1.0,1000.0,2.0,2.0,1.0,1.0,1000.0,1.0,2.0
216,2.0,1.0,2.0,2.0,1.0,2.0,1.0,1000.0,1.0,1.0,1.0
217,1000.0,2.0,1.0,2.0,1.0,2.0,1000.0,1.0,2.0,2.0,2.0
218,1.0,2.0,1.0,2.0,1.0,1000.0,1000.0,1.0,2.0,1.0,1.0
219,2.0,1.0,2.0,1.0,1000.0,1000.0,1.0,1.0,1.0,1.0,1000.0
220,1.0,1.0,1.0,1000.0,1.0,1.0,2.0,2.0,1.0,1000.0,1000.0
221,1.0,2.0,1000.0,1000.0,2.0,2.0,2.0,1.0,1.0,1000.0,1.0
222,1.0,1000.0,1000.0,2.0,1.0,2.0,1.0,1.0,1.0,1.0,2.0
223,1000.0,1000.0,1.0,2.0,1.0,2.0,1.0,1.0,1.0,1.0,1000.0
224,1000.0,1.0,1.0,2.0,1.0,1000.0,1.0,1.0,2.0,1000.0,2.0
225,2.0,1.0,1.0,1.0,1.0,2.0,2.0,1.0,2.0,1.0,2.0
226,1.0,2.0,1.0,1000.0,1.0,1.0,1.0,2.0,2.0,2.0,2.0
227,1.0,2.0,1000.0,2.0,2.0,2.0,1000.0,1.0,1.0,1000.0,1.0
228,2.0,1000.0,2.0,2.0,1.0,2.0,1.0,1.0,1.0,1.0,1.0
229,1.0,1.0,2.0,1.0,1.0,1.0,1.0,1.0,1.0,2.0,2.0
230,2.0,1.0,1.0,1.0,1.0,2.0,1.0,1.0,1.0,1.0,2.0
231,1.0,1.0,1000.0,1.0,1.0,1000.0,2.0,2.0,2.0,1.0,1000.0
232,1.0,2.0,2.0,2.0,1000.0,2.0,2.0,2.0,2.0,1.0,2.0
233,1.0,2.0,2.0,1.0,2.0,2.0,1.0,2.0,2.0,1.0,2.0
234,2.0,2.0,2.0,1.0,1.0,1.0,2.0,1.0,1.0,1.0,1.0
235,2.0,1.0,1.0,2.0,1.0,2.0,1.0,1.0,1.0,2.0,1.0
236,1.0,1.0,2.0,2.0,2.0,2.0,1.0,1.0,1.0,1.0,1000.0
237,2.0,2.0,1.0,2.0,2.0,2.0,1.0,1.0,1.0,1000.0,1000.0
238,1.0,2.0,1.0,2.0,1.0,2.0,2.0,1.0,1.0,1.0,2.0
239,2.0,1.0,1.0,1000.0,1.0,1.0,2.0,2.0,1.0,2.0,2.0
240,2.0,2.0,1000.0,2.0,1.0,1.0,1.0,1000.0,2.0,2.0,1.0
241,2.0,1000.0,2.0,2.0,1.0,2.0,1.0,1.0,1.0,1.0,1.0
242,1.0,2.0,2.0,1.0,1.0,1.0,1.0,1.0,1.0,1.0,1.0
243,2.0,2.0,1.0,2.0,2.0,2.0,1.0,1.0,1.0,2.0,1000.0
244,1.0,2.0,2.0,2.0,1.0,2.0,1.0,1.0,1000.0,1.0,2.0
245,2.0,1000.0,1000.0,2.0,2.0,1.0,2.0,1.0,2.0,1000.0,2.0
246,2.0,2.0,2.0,1.0,2.0,1000.0,1.0,1.0,2.0,1000.0,1.0
247,1000.0,1.0,1.0,2.0,1000.0,2.0,2.0,2.0,1000.0,2.0,2.0
248,2.0,1.0,2.0,1.0,1.0,1.0,1.0,1.0,2.0,1.0,2.0
249,1.0,2.0,2.0,2.0,2.0,2.0,1000.0,1.0,2.0,2.0,2.0
250,1.0,1000.0,2.0,1.0,1.0,1000.0,1.0,1.0,1.0,2.0,2.0
251,1.0,1.0,1.0,2.0,1000.0,2.0,1.0,1.0,1.0,1000.0,2.0
252,2.0,2.0,2.0,1000.0,2.0,1.0,1.0,1.0,1000.0,1000.0,1.0
253,2.0,1.0,2.0,2.0,2.0,2.0,2.0,1.0,1.0,2.0,2.0
254,2.0,2.0,1.0,2.0,2.0,2.0,1000.0,2.0,2.0,2.0,2.0
255,1000.0,2.0,2.0,2.0,1.0,1000.0,1.0,2.0,1.0,1.0,1.0
256,2.0,2.0,1.0,2.0,1.0,2.0,2.0,1.0,1.0,1.0,1.0
257,1.0,1.0,1.0,1000.0,1.0,2.0,1.0,1.0,1.0,2.0,1.0
258,2.0,1.0,1000.0,2.0,2.0,1000.0,1.0,1.0,1.0,1.0,1000.0
259,2.0,1000.0,2.0,1.0,1000.0,2.0,1.0,2.0,2.0,1000.0,2.0
260,2.0,1.0,2.0,1.0,1.0,1000.0,2.0,1.0,1000.0,2.0,2.0
261,2.0,2.0,1000.0,1.0,1.0,2.0,1.0,1000.0,2.0,2.0,1000.0
262,1.0,2.0,2.0,1000.0,2.0,1.0,2.0,2.0,1.0,1000.0,1000.0
263,2.0,1.0,1.0,1.0,1.0,1.0,2.0,1.0,1000.0,1.0,2.0
264,1.0,2.0,2.0,2.0,2.0,1.0,1.0,1000.0,1000.0,1.0,1000.0
265,2.0,1.0,2.0,2.0,2.0,1.0,1.0,1000.0,1.0,1000.0,1000.0
266,2.0,1.0,1000.0,1.0,1.0,1.0,1.0,1000.0,1000.0,2.0,1000.0
267,2.0,1.0,1.0,1.0,1.0,2.0,1.0,1000.0,1.0,1000.0,2.0
268,1000.0,1000.0,2.0,1000.0,2.0,1.0,1000.0,1.0,1.0,1000.0,1000.0
269,1000.0,1.0,1000.0,1.0,1000.0,1000.0,1.0,2.0,1.0,1000.0,2.0
270,1.0,1000.0,1000.0,2.0,1000.0,2.0,1.0,1.0,1000.0,2.0,2.0
271,1000.0,1.0,1000.0,1000.0,1.0,2.0,1.0,1000.0,2.0,1.0,1000.0
272,2.0,1.0,1000.0,1.0,1.0,1.0,1000.0,2.0,2.0,1000.0,1.0
273,1000.0,1000.0,2.0,2.0,1.0,1000.0,2.0,2.0,2.0,1.0,1000.0
274,1000.0,1.0,1.0,2.0,1000.0,2.0,2.0,2.0,1.0,1000.0,2.0
275,2.0,1.0,1.0,1000.0,2.0,1.0,1.0,2.0,1.0,1.0,2.0
276,1.0,1.0,1000.0,1.0,1.0,2.0,1.0,1.0,1.0,1000.0,2.0
277,1.0,1000.0,2.0,2.0,1.0,2.0,2.0,1.0,2.0,1.0,2.0
278,1000.0,2.0,2.0,2.0,2.0,2.0,1.0,1.0,2.0,2.0,1.0
279,1.0,1.0,1.0,2.0,2.0,1.0,2.0,2.0,2.0,1.0,1000.0
280,1.0,2.0,1.0,1000.0,1.0,2.0,1.0,2.0,1.0,2.0,2.0
281,1.0,2.0,1000.0,2.0,1000.0,2.0,1.0,1.0,2.0,1.0,1000.0
282,1.0,1000.0,2.0,1.0,1.0,1.0,1.0,2.0,2.0,1000.0,2.0
283,1000.0,2.0,1000.0,1000.0,1.0,2.0,1.0,2.0,2.0,1.0,1.0
284,1.0,1.0,1000.0,1.0,2.0,1.0,1.0,1.0,1000.0,1.0,2.0
285,1.0,1.0,1.0,2.0,2.0,2.0,1.0,2.0,1.0,1.0,1.0
286,1.0,2.0,1.0,1.0,2.0,2.0,1.0,2.0,1.0,1.0,2.0
287,1000.0,1.0,2.0,2.0,2.0,1000.0,1.0,1.0,2.0,2.0,2.0
288,1.0,2.0,1.0,1.0,1.0,1.0,1.0,2.0,1.0,2.0,2.0
289,2.0,2.0,2.0,1000.0,1.0,2.0,1.0,1.0,1.0,2.0,1000.0
290,1.0,2.0,1000.0,1.0,1.0,1.0,1.0,2.0,1.0,1000.0,1000.0
291,1.0,1.0,2.0,2.0,2.0,2.0,2.0,1.0,1.0,1.0,2.0
292,1.0,2.0,2.0,1.0,1.0,1.0,1.0,1000.0,1000.0,1000.0,1.0
293,2.0,1.0,1.0,2.0,2.0,2.0,1.0,1000.0,1000.0,1.0,1000.0
294,1.0,2.0,2.0,2.0,1.0,1.0,2.0,1000.0,1.0,1000.0,1000.0
295,2.0,1.0,2.0,1.0,1000.0,1.0,1000.0,1.0,1000.0,1000.0,1.0
296,2.0,1.0,2.0,2.0,2.0,1000.0,1.0,1.0,1.0,2.0,1.0
297,2.0,2.0,2.0,2.0,2.0,2.0,1000.0,1000.0,1000.0,1.0,2.0
298,2.0,2.0,1000.0,1000.0,2.0,1000.0,1.0,1.0,2.0,2.0,2.0
299,1000.0,1000.0,2.0,2.0,1000.0,1000.0,2.0,1.0,2.0,1.0,1000.0
300,2.0,1.0,2.0,1000.0,1000.0,1.0,1000.0,1.0,1.0,1000.0,2.0
301,2.0,2.0,1000.0,1000.0,2.0,2.0,1.0,1.0,1000.0,1.0,1.0
302,1.0,1000.0,1.0,1000.0,1000.0,2.0,2.0,1000.0,2.0,2.0,2.0
303,2.0,1.0,2.0,1.0,1.0,2.0,1.0,1.0,2.0,1.0,2.0
304,1.0,2.0,2.0,2.0,2.0,1000.0,1.0,1.0,1.0,2.0,2.0
305,2.0,1000.0,2.0,2.0,1000.0,1.0,1000.0,1.0,2.0,1.0,2.0
306,1000.0,2.0,2.0,1000.0,1.0,1000.0,1.0,1.0,1.0,1.0,2.0
307,1.0,1.0,1000.0,2.0,2.0,1000.0,1.0,1.0,2.0,1000.0,2.0
308,2.0,1000.0,2.0,2.0,1.0,2.0,1.0,2.0,1000.0,1.0,2.0
309,1000.0,1000.0,2.0,2.0,2.0,1.0,2.0,1000.0,2.0,2.0,1.0
310,1.0,1.0,1000.0,1.0,1.0,1.0,1.0,1.0,2.0,2.0,1000.0
311,2.0,1000.0,2.0,1.0,2.0,2.0,2.0,1.0,1.0,1000.0,2.0
312,1.0,2.0,2.0,1.0,2.0,2.0,2.0,1.0,1000.0,1.0,2.0
313,2.0,2.0,2.0,2.0,1.0,1.0,1000.0,1000.0,1000.0,1000.0,2.0
314,1.0,2.0,1000.0,2.0,1.0,2.0,2.0,1000.0,1000.0,1.0,1.0
315,1.0,2.0,1.0,2.0,1.0,1000.0,1.0,1.0,2.0,1.0,1000.0
316,1.0,1.0,1.0,1.0,1000.0,1000.0,1000.0,1000.0,2.0,1000.0,1000.0
317,1.0,2.0,2.0,1000.0,1.0,2.0,1000.0,1.0,2.0,1000.0,2.0
318,1.0,2.0,1000.0,1.0,1.0,2.0,1.0,1.0,1000.0,1.0,1.0
319,1.0,1.0,1.0,1.0,1.0,1.0,1.0,1.0,1.0,1.0,2.0
320,1000.0,1000.0,2.0,1.0,2.0,2.0,1.0,1.0,2.0,1000.0,1000.0
321,2.0,2.0,2.0,1.0,1.0,1000.0,1.0,1.0,1.0,1000.0,1000.0
322,1.0,1.0,1.0,1.0,1000.0,2.0,2.0,1.0,1000.0,1.0,1000.0
323,1.0,1.0,1.0,1000.0,1.0,1.0,1.0,1000.0,1000.0,1.0,2.0
324,2.0,1.0,2.0,1.0,1.0,1.0,1000.0,1000.0,2.0,2.0,2.0
325,2.0,1.0,1.0,1.0,1.0,1000.0,1000.0,1000.0,2.0,1.0,2.0
326,1000.0,2.0,1.0,1.0,1000.0,2.0,2.0,2.0,2.0,2.0,2.0
327,2.0,2.0,1.0,1000.0,1000.0,1000.0,1.0,1.0,1.0,1.0,1000.0
328,1.0,1.0,1000.0,2.0,1.0,1.0,2.0,1.0,2.0,1000.0,1.0
329,1.0,1000.0,1000.0,2.0,1.0,1.0,1.0,2.0,1.0,2.0,2.0
330,1000.0,1000.0,1000.0,2.0,1.0,2.0,2.0,1.0,2.0,1.0,2.0
331,2.0,2.0,1.0,1.0,1.0,1.0,1.0,1.0,1.0,1.0,1.0
332,2.0,2.0,2.0,2.0,2.0,2.0,2.0,2.0,1.0,2.0,2.0
333,2.0,1.0,1.0,1.0,1000.0,2.0,2.0,1.0,2.0,2.0,1000.0
334,1.0,1.0,1.0,2.0,2.0,2.0,2.0,1000.0,1.0,1000.0,1.0
335,2.0,2.0,2.0,2.0,1.0,2.0,1000.0,1.0,1000.0,2.0,1.0
336,2.0,1.0,2.0,2.0,1.0,2.0,1.0,1.0,1.0,1.0,1.0
337,1.0,1.0,2.0,2.0,1000.0,1.0,1000.0,1.0,1.0,1.0,1.0
338,2.0,2.0,2.0,2.0,1.0,1000.0,1.0,1.0,1.0,2.0,2.0
339,1000.0,1.0,1.0,2.0,1000.0,2.0,1000.0,1.0,1.0,1.0,2.0
340,1.0,1.0,1.0,1000.0,1.0,2.0,1.0,1.0,2.0,1.0,2.0
341,2.0,2.0,1000.0,2.0,2.0,2.0,1.0,1.0,1.0,1000.0,2.0
342,1.0,1000.0,1.0,1.0,1.0,1000.0,1.0,1.0,2.0,1.0,2.0
343,1000.0,1.0,1.0,2.0,2.0,2.0,1.0,2.0,1.0,1000.0,1000.0
344,2.0,1.0,2.0,2.0,1.0,2.0,1.0,1.0,2.0,1000.0,1.0
345,1000.0,2.0,1.0,2.0,2.0,2.0,2.0,1000.0,1.0,2.0,1000.0
346,2.0,1.0,2.0,2.0,1000.0,2.0,1000.0,1.0,1.0,1000.0,1000.0
347,1.0,1.0,2.0,1.0,1.0,2.0,1.0,1.0,2.0,2.0,2.0
348,1.0,2.0,1000.0,1.0,1000.0,1.0,2.0,2.0,2.0,1.0,1000.0
349,1.0,1.0,2.0,2.0,1.0,2.0,1.0,1000.0,1.0,1.0,1.0
350,1000.0,2.0,1.0,2.0,2.0,1000.0,1.0,1.0,2.0,1.0,1.0
351,1.0,1000.0,2.0,2.0,2.0,1.0,1.0,1.0,1.0,2.0,2.0
352,1000.0,1.0,2.0,2.0,1.0,2.0,1.0,1.0,2.0,1000.0,2.0
353,2.0,1.0,1.0,2.0,1.0,1.0,1.0,1.0,1000.0,2.0,1000.0
354,2.0,1000.0,2.0,2.0,1.0,2.0,2.0,1000.0,2.0,1000.0,1000.0
355,1000.0,2.0,2.0,1000.0,1.0,2.0,1000.0,1.0,1.0,1000.0,2.0
356,2.0,1.0,1000.0,2.0,1.0,1.0,1.0,1000.0,1000.0,1.0,2.0
357,2.0,1000.0,1.0,2.0,2.0,1.0,1.0,1000.0,2.0,1000.0,1000.0
358,2.0,1.0,2.0,1000.0,2.0,2.0,1000.0,1.0,1.0,1000.0,2.0
359,2.0,1.0,1000.0,1.0,1000.0,1000.0,2.0,1.0,2.0,1.0,2.0
360,2.0,2.0,2.0,2.0,1000.0,1.0,1.0,2.0,1.0,1.0,2.0
361,2.0,1.0,2.0,1000.0,2.0,1.0,1000.0,1.0,1.0,2.0,1.0
362,2.0,2.0,1000.0,2.0,2.0,1000.0,1.0,1.0,1.0,1.0,1.0
363,1.0,1000.0,2.0,2.0,1000.0,1.0,1.0,1.0,2.0,1.0,1.0
364,1000.0,2.0,2.0,2.0,1.0,2.0,1.0,1.0,1.0,2.0,1.0
365,2.0,1.0,1.0,2.0,2.0,1.0,1000.0,2.0,2.0,1.0,1.0
366,2.0,2.0,2.0,1.0,1.0,1000.0,2.0,2.0,1.0,1.0,1.0
367,1.0,2.0,2.0,1.0,1.0,1.0,2.0,1.0,1.0,2.0,1.0
368,2.0,2.0,2.0,1000.0,2.0,2.0,1.0,1000.0,2.0,2.0,1.0
369,1.0,2.0,2.0,1.0,2.0,2.0,2.0,2.0,1.0,1.0,2.0
370,2.0,2.0,1.0,2.0,1.0,1.0,1.0,1.0,1.0,2.0,2.0
371,1.0,1.0,1.0,2.0,1.0,1.0,1.0,1.0,1.0,1000.0,2.0
372,2.0,1.0,1.0,2.0,1.0,1.0,2.0,1.0,2.0,2.0,1.0
373,2.0,1.0,1000.0,2.0,1.0,2.0,1.0,2.0,2.0,1.0,1000.0
374,2.0,1000.0,1000.0,2.0,2.0,2.0,1.0,2.0,1.0,1000.0,1.0
375,1000.0,1000.0,2.0,1.0,1.0,2.0,1.0,2.0,1000.0,1.0,2.0
376,1.0,2.0,1.0,2.0,1.0,1.0,1.0,1.0,2.0,2.0,2.0
377,1.0,2.0,2.0,2.0,1000.0,2.0,1000.0,2.0,2.0,2.0,1000.0
378,1.0,1.0,1000.0,1000.0,1.0,1000.0,1.0,2.0,1.0,1000.0,2.0
379,2.0,1.0,1000.0,2.0,2.0,1.0,1000.0,1.0,1.0,2.0,2.0
380,2.0,1000.0,1000.0,1000.0,2.0,1.0,1.0,1000.0,1.0,1.0,2.0
381,1000.0,1.0,1000.0,1.0,2.0,2.0,1.0,2.0,1.0,1.0,2.0
382,1.0,2.0,2.0,1.0,1.0,2.0,1.0,1.0,2.0,1.0,2.0
383,1000.0,1.0,1000.0,2.0,1.0,2.0,1.0,1000.0,1.0,1000.0,2.0
384,2.0,1000.0,2.0,2.0,1.0,2.0,1.0,2.0,1.0,2.0,1000.0
385,2.0,1.0,1000.0,2.0,1.0,2.0,1.0,1.0,1.0,1.0,2.0
386,2.0,1000.0,1.0,2.0,1.0,2.0,1.0,2.0,1.0,1.0,1.0
387,1.0,2.0,2.0,2.0,1.0,1.0,1.0,2.0,1000.0,2.0,2.0
388,1.0,1.0,2.0,2.0,2.0,1.0,1000.0,1.0,1000.0,1.0,2.0
389,2.0,2.0,1.0,1.0,2.0,2.0,1.0,1.0,2.0,2.0,2.0
390,1000.0,1.0,2.0,2.0,1.0,1000.0,1000.0,2.0,2.0,1.0,1000.0
391,1.0,1000.0,1.0,1000.0,1.0,1000.0,2.0,1.0,1000.0,1000.0,1.0
392,1000.0,2.0,2.0,1000.0,1.0,2.0,1.0,1000.0,2.0,1.0,1.0
393,2.0,2.0,1.0,2.0,1.0,1.0,1000.0,2.0,1.0,1.0,2.0
394,1.0,1000.0,2.0,2.0,1.0,1000.0,1000.0,2.0,1.0,1.0,1.0
395,1.0,1000.0,2.0,2.0,1000.0,1.0,1.0,1.0,1.0,1.0,2.0
396,2.0,2.0,2.0,1000.0,2.0,1.0,1.0,2.0,1.0,1.0,1000.0
397,1.0,1.0,1000.0,1.0,1.0,1000.0,1.0,2.0,2.0,1000.0,2.0
398,1.0,1000.0,2.0,1.0,1.0,1.0,1.0,1.0,1000.0,2.0,1.0
399,2.0,1000.0,2.0,1.0,1.0,1.0,1.0,2.0,2.0,2.0,1.0
400,1.0,1.0,1.0,1000.0,2.0,2.0,1000.0,2.0,2.0,2.0,1.0
401,1.0,1000.0,1.0,1.0,1.0,1.0,1000.0,2.0,2.0,1.0,2.0
402,1.0,1.0,1.0,1.0,2.0,1.0,1.0,2.0,1.0,1.0,1.0
403,2.0,1.0,1.0,1000.0,1.0,1.0,1.0,1000.0,1.0,1.0,1.0
404,1.0,2.0,2.0,2.0,1.0,2.0,1000.0,1.0,1.0,1.0,1000.0
405,2.0,1000.0,1.0,1.0,1.0,1000.0,1.0,1.0,1.0,1.0,1.0
406,1000.0,1.0,1.0,2.0,1.0,2.0,1.0,2.0,1.0,1.0,2.0
407,2.0,2.0,2.0,1.0,1.0,2.0,1.0,1.0,1.0,1.0,2.0
408,1.0,1.0,2.0,2.0,2.0,2.0,2.0,1.0,2.0,2.0,1.0
409,2.0,1000.0,2.0,2.0,1.0,2.0,1.0,1.0,1.0,2.0,1000.0
410,2.0,1.0,2.0,1.0,2.0,1.0,1000.0,2.0,1000.0,1.0,1.0
411,2.0,1.0,2.0,1.0,1.0,1.0,2.0,1000.0,2.0,2.0,1.0
412,2.0,1.0,2.0,1.0,1.0,1.0,1.0,2.0,1000.0,1.0,1000.0
413,2.0,1.0,2.0,1.0,2.0,1.0,1000.0,1.0,1000.0,1000.0,2.0
414,2.0,1.0,1.0,2.0,1000.0,2.0,1000.0,1.0,1000.0,1.0,2.0
415,2.0,2.0,2.0,2.0,1.0,2.0,1000.0,1000.0,2.0,1.0,2.0
416,1.0,1.0,1.0,2.0,1000.0,1000.0,1000.0,1.0,1.0,2.0,2.0
417,2.0,1000.0,1.0,1000.0,1.0,1.0,1.0,2.0,2.0,2.0,1.0
418,1000.0,1000.0,1000.0,1000.0,2.0,1.0,2.0,2.0,2.0,1.0,1.0
419,1.0,1.0,1000.0,1000.0,2.0,1.0,1.0,2.0,2.0,2.0,1000.0
420,1.0,2.0,1.0,1.0,1.0,2.0,1.0,1.0,2.0,1.0,2.0
421,2.0,1000.0,2.0,1.0,1.0,2.0,1.0,2.0,1.0,1.0,2.0
422,2.0,2.0,1.0,2.0,1.0,2.0,2.0,1000.0,2.0,2.0,1000.0
423,1.0,1.0,2.0,2.0,1.0,1.0,1.0,1.0,1.0,1.0,2.0
424,1.0,2.0,1.0,1.0,1.0,1.0,1.0,1.0,2.0,1.0,1.0
425,1.0,1.0,2.0,1.0,2.0,1.0,1.0,2.0,2.0,1000.0,1000.0
426,2.0,2.0,1.0,1.0,1000.0,2.0,1.0,2.0,1000.0,1000.0,1.0
427,1.0,1.0,2.0,1000.0,2.0,2.0,1.0,2.0,1000.0,1000.0,2.0
428,1.0,2.0,2.0,2.0,1.0,1.0,1.0,1.0,1000.0,2.0,2.0
429,2.0,1.0,1.0,2.0,1.0,1.0,1000.0,1.0,1.0,1.0,1.0
430,1000.0,1.0,1.0,1.0,2.0,1000.0,2.0,1.0,1.0,1.0,1.0
431,1.0,1.0,1.0,2.0,1.0,1000.0,1.0,1.0,1000.0,1000.0,1.0
432,1000.0,2.0,1.0,1000.0,2.0,1.0,1.0,1.0,1.0,1.0,1000.0
433,2.0,1.0,1000.0,1000.0,1.0,1000.0,1000.0,1000.0,2.0,2.0,2.0
434,1.0,1000.0,2.0,2.0,1.0,1000.0,1000.0,2.0,1000.0,1.0,1.0
435,1.0,1.0,1.0,1000.0,1000.0,2.0,1000.0,1000.0,2.0,2.0,1.0
436,2.0,1.0,2.0,2.0,2.0,2.0,1000.0,2.0,2.0,1.0,2.0
437,1.0,2.0,2.0,2.0,2.0,1000.0,2.0,2.0,2.0,1000.0,2.0
438,1000.0,2.0,2.0,2.0,1000.0,1.0,2.0,2.0,2.0,2.0,1.0
439,1.0,2.0,1.0,1000.0,1.0,1.0,1.0,2.0,1.0,1.0,2.0
440,2.0,1.0,1000.0,1.0,2.0,1.0,2.0,2.0,2.0,1.0,2.0
441,2.0,1000.0,2.0,2.0,2.0,2.0,1.0,2.0,1.0,1000.0,1000.0
442,1000.0,1.0,2.0,1.0,1.0,2.0,2.0,1.0,1000.0,1000.0,2.0
443,1.0,1.0,2.0,2.0,1.0,1.0,1.0,2.0,1000.0,1000.0,1.0
444,2.0,2.0,1.0,2.0,1000.0,1.0,1000.0,1000.0,1.0,1000.0,2.0
445,1.0,1000.0,2.0,1000.0,1000.0,2.0,1.0,1.0,1.0,1.0,2.0
446,1.0,1.0,2.0,1000.0,1.0,1000.0,1.0,1.0,2.0,1.0,1000.0
447,2.0,1.0,1.0,2.0,1.0,1000.0,1.0,1.0,2.0,1.0,1.0
448,1.0,2.0,2.0,1000.0,1.0,2.0,1.0,1.0,1.0,2.0,1000.0
449,1000.0,1.0,1000.0,2.0,1.0,2.0,1.0,1.0,2.0,1.0,1000.0
450,2.0,1000.0,1.0,2.0,2.0,2.0,1000.0,2.0,1.0,1000.0,1000.0
451,1.0,1000.0,1.0,2.0,1.0,1000.0,1.0,1.0,1.0,1000.0,1.0
452,1000.0,2.0,1.0,2.0,2.0,2.0,1.0,2.0,1.0,1.0,2.0
453,1000.0,1.0,1.0,1.0,2.0,1.0,1.0,1.0,1.0,1000.0,1000.0
454,1.0,1.0,1000.0,1.0,1.0,2.0,1.0,1.0,2.0,1000.0,2.0
455,2.0,1.0,2.0,2.0,1.0,2.0,1000.0,1000.0,2.0,2.0,1.0
456,2.0,1.0,1.0,1000.0,1000.0,1000.0,2.0,2.0,1.0,1.0,1.0
457,1.0,2.0,1.0,2.0,1.0,2.0,1.0,2.0,2.0,1.0,1000.0
458,2.0,1.0,2.0,1000.0,1.0,2.0,2.0,1.0,1000.0,1.0,1.0
459,2.0,1.0,2.0,2.0,1.0,1.0,1.0,1.0,1.0,2.0,1000.0
460,1.0,1.0,1.0,1.0,1.0,2.0,1.0,1.0,1.0,1000.0,2.0
461,1.0,1000.0,1.0,2.0,2.0,1.0,1.0,2.0,1000.0,1.0,2.0
462,2.0,2.0,1.0,1.0,2.0,2.0,2.0,1.0,1.0,2.0,1.0
463,2.0,1.0,1.0,2.0,1.0,1.0,1.0,1.0,2.0,1.0,2.0
464,1.0,2.0,1.0,1.0,2.0,2.0,1.0,1.0,2.0,1000.0,2.0
465,2.0,2.0,1.0,2.0,1.0,1.0,2.0,1.0,1000.0,2.0,1000.0
466,1.0,2.0,2.0,2.0,2.0,2.0,1.0,2.0,1.0,2.0,2.0
467,2.0,2.0,1000.0,2.0,1.0,2.0,1.0,1.0,1.0,1.0,1000.0
468,2.0,1000.0,1.0,1000.0,2.0,2.0,1.0,1.0,1.0,1.0,1.0
469,1000.0,2.0,2.0,1.0,1.0,1.0,1.0,1000.0,2.0,1000.0,1000.0
470,1.0,2.0,2.0,2.0,2.0,2.0,1.0,1.0,1000.0,1.0,1000.0
471,1.0,1000.0,1.0,2.0,1.0,2.0,1.0,1.0,2.0,1000.0,1000.0
472,2.0,1000.0,2.0,1.0,1.0,1000.0,1000.0,2.0,1000.0,1.0,2.0
473,1000.0,2.0,1000.0,2.0,1.0,1000.0,2.0,1000.0,1000.0,2.0,1000.0
474,1.0,1000.0,1000.0,1000.0,1000.0,2.0,1000.0,1.0,1.0,1000.0,1000.0
475,1000.0,1.0,1000.0,1000.0,1.0,1000.0,1.0,1.0,1000.0,1.0,1000.0
476,1000.0,1000.0,1000.0,2.0,1000.0,1000.0,2.0,1000.0,2.0,1.0,1.0
477,1000.0,1000.0,2.0,1000.0,1.0,2.0,1.0,1.0,1.0,1000.0,2.0
478,1000.0,1000.0,1000.0,1000.0,2.0,2.0,1000.0,1.0,1.0,1.0,2.0
479,1000.0,1000.0,1000.0,2.0,1.0,2.0,1.0,2.0,1.0,1000.0,1000.0
480,1000.0,1000.0,2.0,1000.0,1000.0,2.0,2.0,1.0,2.0,1000.0,1.0
481,1.0,1.0,1.0,1000.0,2.0,2.0,1000.0,1000.0,1000.0,2.0,1.0
482,1.0,1.0,2.0,1.0,2.0,2.0,1000.0,1000.0,1.0,1.0,1.0
483,1.0,1.0,2.0,2.0,1.0,1.0,1.0,1.0,1.0,1.0,1.0
484,1.0,2.0,1.0,1.0,1.0,1.0,1.0,1.0,1.0,1.0,1.0
485,1.0,2.0,2.0,1.0,1000.0,1.0,1.0,1.0,1.0,2.0,1000.0
486,2.0,2.0,1000.0,1.0,1.0,2.0,1.0,1000.0,2.0,1000.0,2.0
487,2.0,1000.0,2.0,1.0,1.0,2.0,1000.0,2.0,1000.0,1.0,1000.0
488,2.0,2.0,2.0,1.0,2.0,1000.0,1.0,1000.0,1.0,1000.0,2.0
489,1000.0,1.0,2.0,1.0,2.0,1.0,1000.0,2.0,1000.0,1.0,2.0
490,1.0,2.0,2.0,2.0,1.0,1000.0,1.0,1000.0,2.0,1.0,1.0
491,2.0,2.0,1.0,2.0,1000.0,2.0,1000.0,1.0,1.0,2.0,1.0
492,2.0,2.0,2.0,1000.0,1.0,1000.0,1.0,1000.0,2.0,2.0,2.0
493,1.0,2.0,1000.0,2.0,1000.0,1.0,1.0,2.0,1000.0,1000.0,1000.0
494,2.0,1000.0,1.0,1000.0,2.0,2.0,2.0,1.0,1.0,1.0,1000.0
495,1000.0,2.0,1000.0,2.0,1000.0,2.0,1.0,2.0,1.0,1.0,2.0
496,1.0,1000.0,1.0,1000.0,2.0,2.0,1.0,1.0,1.0,1.0,2.0
497,1000.0,2.0,1.0,2.0,2.0,1.0,1.0,2.0,1.0,1.0,1.0
498,2.0,2.0,1.0,1000.0,1.0,1000.0,1.0,2.0,2.0,1.0,1.0
499,2.0,1.0,1000.0,2.0,1.0,1000.0,1.0,2.0,2.0,1.0,2.0
500,2.0,2.0,1000.0,1.0,1.0,2.0,1.0,1.0,2.0,1.0,1.0
501,1000.0,2.0,2.0,2.0,2.0,2.0,2.0,1.0,2.0,2.0,2.0
502,2.0,2.0,1000.0,2.0,1.0,2.0,1.0,1.0,2.0,1.0,1000.0
503,1000.0,1.0,1.0,2.0,2.0,2.0,1.0,1.0,1.0,1000.0,2.0
504,1.0,2.0,2.0,2.0,1.0,2.0,1000.0,1.0,2.0,1000.0,2.0
505,2.0,1.0,2.0,1.0,1.0,2.0,1.0,1000.0,1.0,1.0,2.0
506,1.0,2.0,2.0,2.0,1.0,1.0,1.0,1000.0,1.0,1.0,1.0
507,2.0,2.0,1.0,2.0,2.0,1.0,1.0,1.0,2.0,1.0,1.0
508,1.0,1.0,1.0,2.0,2.0,1.0,1.0,2.0,1000.0,1.0,1.0
509,1.0,2.0,2.0,2.0,1000.0,1.0,2.0,1.0,1000.0,1.0,2.0
510,1000.0,1.0,1.0,1.0,1.0,2.0,1.0,1.0,2.0,2.0,1.0
511,1.0,1.0,2.0,1.0,2.0,2.0,2.0,1000.0,2.0,2.0,2.0
512,1.0,1.0,1.0,2.0,1.0,1.0,1.0,2.0,2.0,1.0,1.0
513,2.0,1.0,1.0,1000.0,1.0,2.0,1.0,1.0,2.0,1.0,1.0
514,2.0,1.0,2.0,2.0,1.0,2.0,1.0,1.0,2.0,2.0,2.0
515,2.0,1.0,1.0,1000.0,1.0,2.0,1.0,2.0,2.0,1.0,2.0
516,2.0,1.0,1.0,2.0,2.0,1.0,2.0,1.0,2.0,2.0,1000.0
517,2.0,1.0,1.0,2.0,2.0,1.0,1.0,2.0,2.0,2.0,1.0
518,1.0,2.0,1.0,1000.0,1.0,2.0,1.0,2.0,1.0,1.0,2.0
519,2.0,1.0,2.0,2.0,1.0,2.0,1.0,1.0,1.0,2.0,1000.0
520,1.0,1.0,2.0,1.0,1.0,1.0,1.0,1.0,1000.0,2.0,1000.0
521,2.0,2.0,2.0,2.0,1.0,2.0,1000.0,2.0,1000.0,1000.0,2.0
522,1000.0,1.0,1.0,1.0,1.0,2.0,2.0,1000.0,1.0,1.0,1.0
523,2.0,2.0,2.0,2.0,2.0,1000.0,1000.0,1000.0,2.0,2.0,2.0
524,1.0,1000.0,1.0,2.0,2.0,1000.0,1.0,1.0,1.0,2.0,2.0
525,1.0,2.0,1000.0,2.0,1000.0,1000.0,1.0,2.0,2.0,1.0,1.0
526,2.0,1000.0,1000.0,2.0,1.0,1.0,1.0,1000.0,1.0,2.0,1.0
527,2.0,1000.0,1000.0,1000.0,1.0,1.0,1.0,1.0,1.0,1.0,2.0
528,1000.0,1000.0,1000.0,1.0,1.0,1.0,2.0,1.0,1.0,2.0,2.0
529,2.0,2.0,2.0,2.0,1000.0,2.0,1.0,1.0,1.0,2.0,1000.0
530,1000.0,2.0,1.0,2.0,2.0,1.0,1.0,1.0,1.0,1000.0,1.0
531,2.0,1.0,2.0,2.0,1.0,2.0,1.0,1.0,1000.0,1.0,1.0
532,1.0,1000.0,2.0,2.0,2.0,2.0,2.0,1000.0,2.0,1.0,2.0
533,1000.0,1.0,2.0,2.0,1.0,1.0,1000.0,2.0,1.0,1.0,2.0
534,2.0,2.0,2.0,1.0,2.0,1000.0,1.0,1.0,1.0,2.0,2.0
535,2.0,1.0,1.0,1.0,1000.0,1.0,1.0,1.0,1.0,1000.0,2.0
536,2.0,2.0,2.0,1000.0,2.0,1000.0,2.0,1.0,1.0,1.0,2.0
537,1.0,2.0,1000.0,2.0,1.0,2.0,2.0,2.0,1.0,2.0,1.0
538,1000.0,1000.0,2.0,1000.0,1.0,2.0,2.0,1.0,1.0,2.0,1000.0
539,1000.0,1.0,2.0,2.0,1.0,1000.0,1.0,1.0,1.0,1.0,2.0
540,2.0,2.0,2.0,2.0,1000.0,2.0,1.0,2.0,1.0,1.0,2.0
541,1000.0,2.0,2.0,1000.0,1.0,2.0,2.0,1.0,1.0,2.0,2.0
542,2.0,1.0,1000.0,1.0,1.0,1.0,1.0,1.0,1.0,2.0,2.0
543,2.0,1.0,2.0,1.0,2.0,2.0,1.0,1.0,1.0,2.0,2.0
544,2.0,1.0,2.0,1.0,1.0,1.0,1000.0,1.0,2.0,2.0,2.0
545,2.0,2.0,2.0,2.0,1.0,2.0,1.0,1.0,1.0,1.0,1.0
546,2.0,1.0,2.0,2.0,2.0,2.0,2.0,1.0,1.0,1.0,1000.0
547,2.0,1.0,1.0,1000.0,1.0,2.0,1.0,1.0,2.0,1000.0,2.0
548,1000.0,1.0,2.0,1.0,2.0,2.0,1.0,2.0,2.0,1.0,2.0
549,1.0,1.0,2.0,2.0,1.0,2.0,1.0,1000.0,1.0,1.0,1.0
550,2.0,1.0,1.0,2.0,1.0,1.0,2.0,1.0,2.0,1.0,1000.0
551,2.0,1.0,2.0,1.0,2.0,1000.0,1.0,2.0,1.0,1.0,2.0
552,2.0,1.0,2.0,1.0,1.0,2.0,2.0,1.0,1.0,1.0,1.0
553,2.0,1.0,2.0,1.0,1.0,1.0,1.0,1.0,2.0,1.0,1.0
554,2.0,2.0,2.0,2.0,2.0,1.0,1.0,2.0,2.0,1000.0,1.0
555,1.0,1.0,2.0,2.0,1.0,1000.0,1000.0,2.0,1.0,1.0,1000.0
556,1.0,2.0,2.0,1.0,1.0,2.0,1.0,1000.0,2.0,1000.0,1.0
557,1.0,2.0,1.0,2.0,1000.0,1.0,2.0,1.0,1000.0,1000.0,2.0
558,2.0,1.0,1000.0,1000.0,2.0,1000.0,1.0,1000.0,1000.0,1.0,1.0
559,1.0,2.0,1000.0,1.0,1000.0,2.0,1000.0,1000.0,2.0,1.0,1.0
560,1.0,1.0,2.0,1.0,1.0,1000.0,1.0,2.0,2.0,1.0,1.0
561,2.0,1.0,2.0,2.0,1000.0,1000.0,2.0,1.0,2.0,1.0,1.0
562,2.0,1000.0,1.0,1000.0,1.0,1.0,1.0,2.0,1.0,1.0,1.0
563,2.0,1.0,1000.0,1.0,2.0,2.0,2.0,1.0,2.0,1.0,2.0
564,2.0,1000.0,1.0,2.0,1.0,2.0,1.0,1.0,2.0,1.0,1.0
